Survived,Pclass,Age,SibSp,Parch,Fare,Sex_male,Embarked_Q,Embarked_S
0,3,0.3483181436191329,0,0,-0.5042924340229352,1,1,0
1,3,1.3714320854712234,1,0,-0.5042924340229352,0,0,1
0,2,2.5519481722236352,0,0,-0.4684430739172232,1,1,0
0,3,-0.20258936353199278,0,0,-0.4863677539700792,1,0,1
1,3,-0.5960947257827969,1,1,-0.41466903375865505,0,0,1
0,3,-1.2257033053840833,0,0,-0.4684430739172232,1,0,1
1,3,0.03351385381848965,0,0,-0.5042924340229352,0,1,0
0,2,-0.2812904359821536,1,1,-0.1099494728601025,1,0,1
1,3,-0.9108990155834401,0,0,-0.5042924340229352,0,0,0
0,3,-0.6747957982329577,2,0,-0.19957287312438265,1,0,1
0,3,-0.20258936353199278,0,0,-0.5042924340229352,1,0,1
0,1,1.2927310130210627,0,0,-0.1637235130186706,1,0,1
1,1,-0.5173936533326361,1,0,0.8400585699412673,0,0,1
0,2,2.6306492446737963,1,0,-0.1637235130186706,1,0,1
1,1,1.3714320854712234,1,0,0.46364028883129055,0,0,1
1,2,-0.4386925808824752,1,0,-0.14579883296581456,0,0,0
0,2,0.4270192160692937,0,0,-0.41466903375865505,1,1,0
0,3,-0.6747957982329577,0,0,-0.5042924340229352,1,0,0
1,3,-0.20258936353199278,1,0,-0.5042924340229352,0,0,1
1,3,1.2140299405709019,0,0,-0.5042924340229352,0,0,0
0,1,2.00104066507251,1,0,0.4277909287255785,1,0,0
0,3,-1.6192086676348874,0,1,-0.5759911542343593,1,0,1
1,1,-0.20258936353199278,0,0,-0.07410011275439043,0,0,1
0,1,-0.6747957982329577,0,1,0.46364028883129055,1,0,0
1,1,1.4501331579213843,1,3,4.066500979455353,0,0,0
0,3,1.6075353028217059,1,0,-0.378819673652943,1,0,1
1,1,-0.5960947257827969,0,1,0.46364028883129055,0,0,0
0,3,-0.5960947257827969,0,0,-0.5042924340229352,1,0,0
0,1,0.8992256507702586,0,0,-0.09202479280724647,1,0,1
0,3,-0.20258936353199278,2,0,-0.2533469132829508,1,0,0
0,2,1.6075353028217059,1,0,-0.1637235130186706,1,0,1
0,2,-0.4386925808824752,2,0,-0.07410011275439043,1,0,1
1,3,0.2696170711689721,1,2,-0.2712715933358068,0,0,1
1,3,-0.20258936353199278,1,2,-0.2174975531772387,0,0,1
0,1,0.03351385381848965,1,0,0.39194156861986645,1,0,0
0,3,-0.9108990155834401,0,0,-0.5042924340229352,1,0,0
1,3,-0.20258936353199278,0,0,-0.4863677539700792,0,0,1
1,3,-0.6747957982329577,0,0,-0.4863677539700792,0,0,1
0,3,-0.3599915084323144,0,0,-0.4684430739172232,1,0,1
0,3,-0.20258936353199278,0,0,0.3740168885670104,1,0,1
0,3,0.741823505869937,0,1,-0.396744353705799,1,0,0
0,1,-0.20258936353199278,0,0,-0.1637235130186706,1,0,1
0,3,0.8992256507702586,0,0,-0.5042924340229352,1,0,1
1,2,0.03351385381848965,0,0,-0.396744353705799,0,0,1
1,1,1.2140299405709019,1,0,0.3023181683555863,0,0,1
0,3,-0.3599915084323144,0,0,-0.5042924340229352,1,0,1
0,1,1.2140299405709019,0,0,-0.1099494728601025,1,0,0
0,3,-0.20258936353199278,0,0,-0.5042924340229352,1,1,0
1,1,2.394546027323314,0,0,0.732510489624131,0,0,0
1,3,0.5057202885194545,0,2,-0.360894993600087,0,0,1
0,1,-0.4386925808824752,1,0,0.4457156087784345,1,0,1
0,2,-0.20258936353199278,0,0,-0.360894993600087,1,0,0
1,2,-0.7534968706831184,2,1,-0.2174975531772387,0,0,1
1,1,-0.12388829108183198,3,2,4.084425659508209,0,0,1
0,2,-0.20258936353199278,0,0,-0.360894993600087,1,0,0
0,3,-1.5405075951847267,4,1,-0.1099494728601025,1,1,0
0,3,0.4270192160692937,0,0,-0.5042924340229352,1,0,1
0,3,-0.3599915084323144,0,0,-0.5042924340229352,1,0,1
0,3,-0.20258936353199278,1,0,-0.34297031354723095,1,0,1
1,1,0.5057202885194545,0,0,4.066500979455353,0,0,0
0,3,-0.9896000880336009,0,0,-0.5042924340229352,1,0,1
0,2,0.19091599871881126,0,0,-0.396744353705799,1,0,1
0,3,-0.9108990155834401,0,0,-0.5042924340229352,1,0,1
1,3,-0.5960947257827969,0,0,-0.5042924340229352,0,1,0
0,1,-1.3044043778342442,2,2,4.066500979455353,1,0,0
1,2,-0.20258936353199278,0,0,-0.2533469132829508,0,0,1
1,3,-0.9108990155834401,0,0,-0.5042924340229352,0,1,0
0,1,1.3714320854712234,0,0,0.12307136782702593,1,0,1
0,1,0.11221492626865046,0,0,-0.12787415291295853,1,0,0
1,1,2.394546027323314,1,4,4.084425659508209,0,0,1
1,3,-0.4386925808824752,0,0,-0.5042924340229352,0,1,0
0,3,-0.6747957982329577,0,0,-0.5042924340229352,1,0,1
1,3,-0.04518721863167117,0,0,-0.5042924340229352,0,0,1
0,1,-0.12388829108183198,0,0,-0.14579883296581456,1,0,0
1,1,0.4270192160692937,0,0,3.1523422967596955,0,0,0
0,1,0.19091599871881126,0,0,3.1523422967596955,1,0,0
0,3,-0.20258936353199278,0,0,-0.4863677539700792,1,0,1
1,1,2.00104066507251,2,0,-0.18164819307152663,0,0,1
0,2,0.03351385381848965,0,0,-0.396744353705799,1,0,1
1,3,-0.4386925808824752,0,0,-0.5042924340229352,0,1,0
0,3,-1.8553118849853698,1,1,-0.360894993600087,1,0,0
0,1,2.9454535344744395,1,0,3.331589097288256,1,0,1
0,1,1.528834230371545,0,0,-0.1637235130186706,1,0,1
0,3,-0.20258936353199278,0,0,-0.5042924340229352,1,0,1
0,2,-0.20258936353199278,0,0,-0.45051839386436715,1,1,0
0,3,-0.20258936353199278,1,0,-0.378819673652943,1,0,0
1,3,-0.20258936353199278,0,0,-0.5042924340229352,0,1,0
1,3,-0.9108990155834401,0,0,-0.4863677539700792,0,0,1
1,3,-0.20258936353199278,0,0,-0.5042924340229352,0,1,0
0,2,-2.170116174786013,1,1,-0.2174975531772387,1,0,1
1,3,-0.5960947257827969,1,0,-0.396744353705799,0,0,1
0,3,-0.20258936353199278,0,0,-0.5042924340229352,1,0,1
1,1,-0.20258936353199278,1,2,0.3023181683555863,0,0,1
0,3,-0.20258936353199278,0,0,-0.4863677539700792,1,0,1
0,1,-0.3599915084323144,0,0,-0.1637235130186706,1,0,0
0,3,-0.3599915084323144,0,0,-0.5042924340229352,1,0,1
1,1,3.653763186525887,1,0,0.7683598497298432,0,0,1
0,3,-0.04518721863167117,0,0,-0.5042924340229352,1,0,1
1,3,-0.7534968706831184,0,0,-0.5042924340229352,0,0,1
0,3,0.2696170711689721,0,0,-0.4863677539700792,1,0,1
1,1,1.0566277956705803,1,0,0.35609220851415435,0,0,0
0,2,-0.20258936353199278,1,0,-0.1637235130186706,1,0,1
0,3,-0.20258936353199278,0,0,-0.5042924340229352,1,1,0
0,3,-0.2812904359821536,0,0,-0.5042924340229352,1,0,1
1,3,-1.0683011604837618,1,1,-0.4863677539700792,0,0,0
0,3,-0.12388829108183198,0,0,-0.23542223323009473,1,0,1
0,3,-0.6747957982329577,0,0,-0.5042924340229352,1,1,0
0,3,-0.20258936353199278,0,0,-0.5042924340229352,1,1,0
0,3,-0.20258936353199278,0,0,-0.4863677539700792,1,0,1
0,2,-0.9108990155834401,0,0,-0.396744353705799,1,0,1
0,2,0.8992256507702586,0,0,-0.360894993600087,1,0,0
1,3,-0.20258936353199278,0,0,-0.5042924340229352,0,1,0
1,1,0.5057202885194545,0,0,-0.07410011275439043,0,0,0
1,3,-0.9108990155834401,0,0,-0.5042924340229352,0,1,0
1,1,2.6306492446737963,1,0,3.331589097288256,0,0,1
0,3,-0.9108990155834401,1,0,-0.378819673652943,1,0,0
0,3,-0.20258936353199278,0,0,-0.5222171140757913,1,0,0
1,3,-2.248817247236174,1,1,-0.34297031354723095,0,0,1
0,1,0.5057202885194545,0,0,0.714585809571275,1,0,0
1,2,-0.04518721863167117,1,0,-0.1637235130186706,0,0,1
1,2,-1.383105450284405,0,0,-0.360894993600087,0,0,1
0,3,-0.20258936353199278,1,0,-0.5042924340229352,1,1,0
1,1,0.4270192160692937,1,0,0.39194156861986645,0,0,0
0,3,-0.12388829108183198,0,0,-0.5042924340229352,1,0,1
0,3,-0.20258936353199278,0,0,-0.5042924340229352,1,1,0
1,3,-0.9896000880336009,0,1,-0.34297031354723095,0,0,1
0,3,-0.5960947257827969,0,0,-0.5042924340229352,1,0,1
1,3,-0.20258936353199278,2,0,-0.2174975531772387,0,1,0
0,2,0.9779267232204194,0,0,-0.396744353705799,1,0,1
0,3,-0.4386925808824752,0,0,-0.4863677539700792,1,0,1
0,3,0.19091599871881126,0,0,-0.4863677539700792,1,0,1
0,1,1.8436385201721883,0,0,-0.12787415291295853,1,0,0
1,3,-0.20258936353199278,0,4,-0.18164819307152663,0,0,1
0,3,-0.20258936353199278,1,0,-0.5222171140757913,1,0,0
0,3,1.0566277956705803,0,0,-0.5042924340229352,1,0,1
0,3,-0.4386925808824752,0,0,-0.5042924340229352,1,0,1
0,3,-0.2812904359821536,0,0,-0.5042924340229352,1,0,0
0,2,-0.2812904359821536,0,0,-0.396744353705799,1,0,1
1,3,-0.5173936533326361,0,0,-0.4863677539700792,0,0,1
0,3,0.8205245783200977,1,6,0.19477008803845006,1,0,1
1,3,-1.5405075951847267,5,2,0.19477008803845006,0,0,1
1,1,0.2696170711689721,0,0,2.0768614935883334,0,0,1
0,1,2.473247099773475,1,3,4.066500979455353,1,0,0
0,2,-0.12388829108183198,0,0,-0.1637235130186706,1,0,1
0,1,0.9779267232204194,0,0,-0.1637235130186706,1,0,1
0,3,0.11221492626865046,3,0,-0.30712095344151885,1,0,1
0,1,-0.20258936353199278,0,0,0.28439348830273026,1,0,1
0,3,-0.5960947257827969,0,0,-0.4863677539700792,1,0,1
0,1,-0.20258936353199278,0,0,-0.1637235130186706,1,0,1
0,2,0.03351385381848965,1,1,-0.1637235130186706,1,0,1
1,1,-0.5173936533326361,0,1,0.8579832499941233,0,0,0
0,3,-0.20258936353199278,0,0,-0.5042924340229352,1,0,0
0,3,2.394546027323314,0,0,-0.378819673652943,1,0,1
1,3,0.5057202885194545,0,2,-0.41466903375865505,0,0,1
0,3,-1.3044043778342442,4,2,-0.07410011275439043,1,0,1
0,3,-0.4386925808824752,0,0,-0.5042924340229352,1,0,1
1,1,-0.04518721863167117,0,0,3.331589097288256,0,0,1
1,3,-0.5173936533326361,0,0,-0.5042924340229352,0,0,1
0,1,0.9779267232204194,0,0,-0.1637235130186706,1,0,1
1,3,-0.2812904359821536,0,2,-0.396744353705799,0,0,1
1,3,-0.20258936353199278,0,0,-0.5042924340229352,0,1,0
0,3,-1.7766108125352091,1,1,-0.360894993600087,1,0,0
1,2,-0.2812904359821536,0,0,-0.396744353705799,0,0,1
0,3,-0.20258936353199278,0,0,-0.5042924340229352,1,0,1
0,2,0.8992256507702586,0,0,-0.396744353705799,1,0,1
1,3,-0.2812904359821536,1,1,-0.23542223323009473,0,0,1
0,1,1.4501331579213843,0,0,0.2664688082498742,1,0,0
0,3,-0.9108990155834401,2,2,-0.020326072595822333,1,0,1
1,1,-0.20258936353199278,0,0,-0.14579883296581456,0,0,0
1,3,-0.5960947257827969,0,0,-0.4863677539700792,0,0,1
0,3,-0.20258936353199278,0,0,-0.5042924340229352,1,0,1
0,3,-0.20258936353199278,0,0,-0.5042924340229352,1,0,0
0,3,-0.5173936533326361,1,0,-0.396744353705799,1,0,1
0,3,-0.20258936353199278,0,0,-0.5042924340229352,1,0,0
0,3,0.8205245783200977,1,5,-0.07410011275439043,1,0,1
1,2,-1.1470022329339224,0,2,0.06929732766845784,0,0,1
1,2,-0.7534968706831184,0,0,0.015523287509889733,0,0,1
0,1,1.9223395926223492,1,0,0.35609220851415435,1,0,0
1,2,0.5057202885194545,0,3,0.06929732766845784,0,0,1
1,1,2.709350317123957,0,2,0.8579832499941233,0,0,0
0,2,0.03351385381848965,0,0,-0.396744353705799,1,0,1
0,1,0.5844213609696154,1,1,0.8579832499941233,1,0,0
1,1,-0.9108990155834401,1,0,0.3202428484084423,0,0,1
0,3,-0.20258936353199278,0,0,-0.5042924340229352,1,1,0
1,1,-0.20258936353199278,1,1,3.7976307786625125,0,0,0
0,2,0.8205245783200977,0,0,-0.34297031354723095,1,0,1
1,2,-0.6747957982329577,0,1,-0.2533469132829508,0,0,1
0,3,-0.9896000880336009,2,0,-0.4863677539700792,1,0,1
1,3,-0.20258936353199278,8,2,0.6070377292541388,0,0,1
0,2,0.8205245783200977,0,0,-0.396744353705799,1,0,1
0,2,0.3483181436191329,1,0,-0.1637235130186706,1,0,1
0,1,-0.20258936353199278,0,0,-0.1637235130186706,1,0,1
0,3,-1.4618065227345658,1,1,-0.378819673652943,1,0,1
0,2,2.473247099773475,0,0,-0.41466903375865505,1,1,0
0,2,-1.6979097400850482,0,2,-0.0561754327015344,1,0,1
0,3,0.2696170711689721,0,0,-0.5042924340229352,1,0,1
0,1,-1.8553118849853698,0,2,1.772141932689781,1,0,0
1,3,-0.9108990155834401,0,0,-0.5042924340229352,0,0,1
0,2,-0.5173936533326361,0,0,-0.45051839386436715,1,0,1
1,3,-0.20258936353199278,0,0,-0.4863677539700792,0,0,1
1,3,-0.20258936353199278,0,0,-0.360894993600087,0,1,0
0,3,-2.3275183196863347,0,2,-0.378819673652943,1,0,1
0,1,1.3714320854712234,1,0,3.439137177605392,1,0,0
1,2,-1.6979097400850482,1,1,-0.1637235130186706,0,0,1
0,2,-0.3599915084323144,0,0,-0.45051839386436715,1,0,1
0,1,-0.20258936353199278,0,0,-0.18164819307152663,1,0,0
1,3,0.4270192160692937,0,0,-0.5042924340229352,0,1,0
0,2,-0.4386925808824752,0,0,-0.45051839386436715,1,0,1
1,1,0.2696170711689721,0,0,-0.14579883296581456,0,0,0
0,3,-0.3599915084323144,0,0,-0.5042924340229352,1,0,1
0,3,0.19091599871881126,0,0,-0.23542223323009473,1,0,1
0,3,-0.20258936353199278,0,0,-0.5042924340229352,1,0,1
0,2,-0.9896000880336009,0,0,0.678736449465563,1,0,1
1,2,2.394546027323314,1,0,-0.1637235130186706,0,0,1
1,3,0.6631224334197762,4,2,-0.5042924340229352,0,0,1
0,1,0.9779267232204194,0,0,0.12307136782702593,1,0,1
1,3,-0.20258936353199278,0,0,-0.5042924340229352,0,1,0
0,1,2.1584428099728314,1,1,2.309882334275462,1,0,1
1,1,1.6075353028217059,1,1,3.1523422967596955,0,0,0
0,3,-0.20258936353199278,0,0,-0.4863677539700792,1,0,1
1,2,0.03351385381848965,1,0,-0.396744353705799,0,0,0
0,3,-0.6747957982329577,0,0,-0.4863677539700792,1,0,1
1,2,-0.5960947257827969,0,0,-0.45051839386436715,0,0,1
0,3,-0.6747957982329577,0,0,-0.5042924340229352,1,0,1
1,1,1.8436385201721883,0,0,-0.14579883296581456,0,0,0
1,3,-0.20258936353199278,0,2,-0.360894993600087,0,0,0
0,3,-0.5173936533326361,0,0,-0.5042924340229352,1,0,1
1,3,-0.20258936353199278,0,0,-0.5042924340229352,0,1,0
0,3,0.8205245783200977,0,0,-0.360894993600087,1,0,1
0,2,0.5057202885194545,0,0,-0.396744353705799,1,0,1
0,2,-1.2257033053840833,0,0,0.5353390090427147,1,0,1
1,1,-0.6747957982329577,0,0,-0.1637235130186706,0,0,1
0,3,-0.6747957982329577,1,0,-0.5222171140757913,1,0,1
0,3,-0.20258936353199278,0,0,-0.5042924340229352,1,1,0
0,1,0.741823505869937,1,0,0.642887089359851,1,0,0
0,3,-0.7534968706831184,0,0,-0.5042924340229352,1,0,1
0,1,2.709350317123957,1,0,0.714585809571275,1,0,0
0,3,-0.7534968706831184,0,0,-0.5042924340229352,1,0,0
1,2,-0.9108990155834401,1,1,-0.396744353705799,0,0,1
1,1,1.4501331579213843,1,0,1.2702508912098118,0,0,0
1,1,2.00104066507251,0,0,-0.14579883296581456,0,0,0
1,2,1.2140299405709019,0,2,-0.09202479280724647,0,0,1
0,1,1.2140299405709019,1,1,1.772141932689781,1,0,0
0,3,-0.20258936353199278,0,0,-0.5042924340229352,1,0,1
0,3,-0.20258936353199278,1,2,-0.2174975531772387,1,0,1
0,1,0.8992256507702586,1,0,0.28439348830273026,1,0,1
1,2,-0.5960947257827969,0,0,-0.2533469132829508,0,0,1
0,2,0.9779267232204194,1,1,-0.0561754327015344,1,0,1
1,2,-0.04518721863167117,1,0,-0.1637235130186706,0,0,1
1,3,-0.20258936353199278,1,0,-0.378819673652943,0,0,0
1,2,-2.3275183196863347,1,2,-0.14579883296581456,0,0,1
0,3,-0.7534968706831184,0,0,-0.5042924340229352,1,0,1
0,1,-0.20258936353199278,1,0,1.8079912927954929,1,0,0
0,3,-0.4386925808824752,0,0,-0.4684430739172232,1,0,1
0,3,0.19091599871881126,0,0,-0.4684430739172232,1,0,1
0,3,-0.20258936353199278,0,0,-0.5042924340229352,1,0,1
0,3,-0.20258936353199278,0,0,-0.5042924340229352,1,1,0
0,3,-0.12388829108183198,0,0,-0.4863677539700792,1,0,1
1,2,-0.8321979431332793,0,0,-0.396744353705799,0,0,1
0,3,-0.6747957982329577,0,0,-0.5042924340229352,1,0,1
0,3,0.5057202885194545,1,0,-0.3250456334943749,1,0,1
0,3,-0.6747957982329577,0,0,-0.5042924340229352,1,0,1
1,2,-0.04518721863167117,0,2,-0.2174975531772387,0,0,1
1,3,-2.248817247236174,1,1,-0.41466903375865505,0,0,1
0,2,0.03351385381848965,0,0,-0.41466903375865505,1,0,0
0,3,-0.20258936353199278,0,0,-0.5042924340229352,1,0,1
0,1,-0.20258936353199278,0,0,-0.6297651943929274,1,0,1
0,3,-0.20258936353199278,0,0,-0.5042924340229352,1,0,1
1,3,-0.20258936353199278,0,0,-0.4863677539700792,0,0,1
0,3,-0.9896000880336009,0,0,-0.4863677539700792,1,0,1
0,1,1.2927310130210627,0,0,0.714585809571275,1,0,0
0,3,-0.20258936353199278,0,0,-0.5042924340229352,1,1,0
1,1,-0.2812904359821536,1,0,1.8079912927954929,0,0,0
1,3,-0.20258936353199278,1,0,-0.360894993600087,0,1,0
0,3,-0.20258936353199278,0,0,-0.5042924340229352,1,0,0
1,2,-0.7534968706831184,1,0,-0.1637235130186706,0,0,1
0,2,-0.12388829108183198,0,0,-0.45051839386436715,1,0,1
0,2,0.8205245783200977,1,0,-0.1637235130186706,1,0,1
0,2,0.03351385381848965,1,0,-0.2533469132829508,1,0,1
0,2,-0.5960947257827969,0,0,-0.45051839386436715,1,0,1
1,3,-0.5173936533326361,0,0,-0.4863677539700792,0,0,1
0,3,-2.3275183196863347,1,1,-0.396744353705799,1,0,1
1,3,-0.20258936353199278,0,0,-0.5042924340229352,0,1,0
1,3,-1.6192086676348874,1,1,-0.360894993600087,0,0,0
1,3,-2.170116174786013,1,1,-0.2712715933358068,0,0,1
0,3,0.5057202885194545,0,0,-0.5042924340229352,1,0,1
0,3,-0.20258936353199278,0,0,-0.5042924340229352,1,0,1
0,1,-0.4386925808824752,1,0,0.8400585699412673,1,0,1
0,3,-0.20258936353199278,0,0,-0.5042924340229352,1,0,0
0,3,-0.20258936353199278,0,0,-0.4863677539700792,1,0,1
0,1,-0.20258936353199278,0,0,0.06929732766845784,1,0,1
1,3,0.03351385381848965,0,0,-0.5222171140757913,0,1,0
0,3,-0.20258936353199278,0,0,-0.5042924340229352,1,0,0
0,1,1.8436385201721883,1,1,0.8221338898884112,1,0,1
0,3,0.5057202885194545,0,0,-0.4684430739172232,1,0,1
0,3,-0.2812904359821536,0,0,-0.5042924340229352,1,0,1
1,2,-2.248817247236174,1,2,0.1051466877741699,0,0,0
0,3,-0.20258936353199278,2,0,-0.2533469132829508,1,0,0
0,1,0.03351385381848965,0,0,0.17684540798559403,1,0,1
0,3,-0.04518721863167117,0,0,-0.5042924340229352,1,0,1
0,3,0.19091599871881126,0,0,-0.5042924340229352,1,0,1
0,2,-0.20258936353199278,0,0,-0.360894993600087,1,0,0
0,2,1.0566277956705803,0,1,-0.2533469132829508,1,0,1
0,3,-0.4386925808824752,0,0,-0.4863677539700792,1,0,1
1,3,-0.20258936353199278,0,0,-0.5042924340229352,0,1,0
1,1,2.709350317123957,1,1,-0.1637235130186706,0,0,1
0,1,0.03351385381848965,1,2,2.0768614935883334,1,0,1
0,3,-2.3275183196863347,0,1,-0.4684430739172232,1,0,1
0,1,2.00104066507251,1,1,1.0372300505226837,1,0,1
1,3,1.2140299405709019,1,0,-0.378819673652943,0,0,1
0,3,-0.9108990155834401,0,0,-0.4863677539700792,1,0,1
0,3,-0.5960947257827969,0,0,-0.5042924340229352,1,0,0
0,3,-0.20258936353199278,0,0,-0.5042924340229352,1,0,1
1,3,0.5844213609696154,0,0,-0.5042924340229352,0,1,0
1,1,2.00104066507251,0,0,1.790066612742637,0,0,0
1,3,-0.9896000880336009,0,0,-0.5042924340229352,0,1,0
0,1,2.1584428099728314,1,0,1.9872380933240532,1,0,0
0,2,-0.8321979431332793,0,0,-0.45051839386436715,1,0,1
0,3,-0.20258936353199278,0,0,-0.5042924340229352,1,0,1
0,2,-0.5960947257827969,2,0,-0.07410011275439043,1,0,1
0,3,-0.2812904359821536,0,0,-0.5042924340229352,1,0,1
0,3,-0.3599915084323144,0,0,-0.5042924340229352,1,0,0
0,2,-0.2812904359821536,0,0,-0.396744353705799,1,0,1
0,1,0.2696170711689721,0,0,-0.1637235130186706,1,0,1
1,1,0.741823505869937,0,0,3.1523422967596955,0,0,1
0,3,-0.5173936533326361,0,0,-0.5042924340229352,1,0,1
1,2,-1.383105450284405,2,1,0.06929732766845784,0,0,1
0,1,1.2927310130210627,0,0,0.7862845297826991,1,0,0
0,2,-0.04518721863167117,1,0,-0.1637235130186706,1,0,1
0,2,-0.6747957982329577,0,0,-0.396744353705799,1,0,1
1,2,1.4501331579213843,0,2,0.015523287509889733,0,0,1
0,1,0.741823505869937,0,0,-0.1099494728601025,1,0,0
0,3,-0.20258936353199278,0,0,-0.5042924340229352,1,0,0
1,3,-0.8321979431332793,1,1,-0.360894993600087,0,0,0
0,3,-0.20258936353199278,0,0,-0.5042924340229352,1,0,1
0,1,0.03351385381848965,0,0,-0.1637235130186706,1,0,1
0,2,0.19091599871881126,0,0,-0.396744353705799,1,0,1
0,3,0.741823505869937,0,2,-0.5042924340229352,1,0,0
0,2,-0.3599915084323144,0,0,-0.07410011275439043,1,0,1
0,3,-0.20258936353199278,0,0,-0.5042924340229352,1,0,0
0,2,-0.9108990155834401,0,0,-0.45051839386436715,1,0,1
0,3,0.19091599871881126,0,0,-0.5042924340229352,1,0,1
0,3,-0.20258936353199278,1,9,0.6070377292541388,1,0,1
1,1,2.2371438824229926,0,1,8.547670992669362,0,0,0
0,3,-0.20258936353199278,1,1,-0.378819673652943,1,0,1
1,3,-1.0683011604837618,0,0,-0.5042924340229352,0,0,1
0,2,-0.2812904359821536,0,0,-0.396744353705799,1,0,1
1,3,0.6631224334197762,0,0,-0.5042924340229352,0,0,0
0,2,-0.4386925808824752,0,0,-0.396744353705799,1,0,1
1,2,0.11221492626865046,0,0,-0.2533469132829508,0,0,1
1,1,1.2140299405709019,0,1,0.49948964893700265,0,0,0
0,2,-0.3599915084323144,0,0,-0.45051839386436715,1,0,1
0,2,-0.9108990155834401,0,0,0.678736449465563,1,0,1
0,2,1.528834230371545,1,2,0.5353390090427147,1,0,1
1,3,-2.3275183196863347,1,2,-0.2712715933358068,0,0,1
0,1,1.6075353028217059,0,0,-0.1637235130186706,1,0,1
1,1,2.3158449548731532,2,0,0.28439348830273026,0,0,1
0,3,-0.20258936353199278,0,0,-0.5042924340229352,1,0,1
0,3,-0.20258936353199278,0,0,-0.5042924340229352,1,1,0
1,3,0.03351385381848965,1,0,-0.360894993600087,0,0,1
0,3,-1.2257033053840833,8,2,0.6070377292541388,1,0,1
1,2,-0.4386925808824752,1,1,0.03344796756274577,0,0,0
1,2,0.11221492626865046,0,0,-0.2533469132829508,0,0,1
0,3,-0.20258936353199278,0,0,-0.4863677539700792,1,0,1
1,1,-0.3599915084323144,1,0,0.35609220851415435,0,0,0
1,3,-0.20258936353199278,1,9,0.6070377292541388,0,0,1
0,3,-0.20258936353199278,1,0,-0.378819673652943,1,0,0
1,3,-0.5960947257827969,0,0,0.06929732766845784,0,0,1
1,1,1.2140299405709019,0,1,0.4277909287255785,0,0,0
0,2,-0.04518721863167117,0,0,-0.396744353705799,1,0,0
0,2,-0.6747957982329577,1,0,-0.43259371381151107,1,0,1
1,1,0.11221492626865046,0,0,1.772141932689781,0,0,0
0,1,1.528834230371545,0,0,-0.6297651943929274,1,0,1
0,2,1.135328868120741,0,0,-0.396744353705799,1,0,1
1,1,1.9223395926223492,1,1,0.8221338898884112,0,0,1
1,1,1.2140299405709019,0,0,4.066500979455353,0,0,0
1,3,-0.5960947257827969,2,0,-0.4863677539700792,0,0,1
0,2,-0.6747957982329577,0,0,-0.43259371381151107,1,0,1
0,1,2.00104066507251,0,0,0.2664688082498742,1,0,1
0,3,-1.9340129574355307,4,2,-0.07410011275439043,1,0,1
0,3,-0.20258936353199278,0,0,-0.5042924340229352,1,1,0
0,3,-0.2812904359821536,0,0,-0.5042924340229352,1,1,0
1,3,-0.20258936353199278,0,0,-0.378819673652943,0,0,1
1,3,-0.8321979431332793,1,0,-0.34297031354723095,0,0,1
0,2,-0.20258936353199278,0,0,-0.41466903375865505,1,0,1
1,2,-0.4386925808824752,1,2,0.5353390090427147,0,0,1
0,3,-0.4386925808824752,0,0,-0.5042924340229352,1,0,1
0,2,2.1584428099728314,0,0,-0.396744353705799,1,0,1
0,3,-0.6747957982329577,0,0,-0.5042924340229352,1,1,0
0,3,-1.8553118849853698,3,1,-0.2533469132829508,1,0,1
0,1,-0.5173936533326361,0,0,1.0372300505226837,1,0,1
1,1,1.6862363752718668,0,1,0.06929732766845784,0,0,1
0,3,-1.3044043778342442,0,2,-0.2712715933358068,1,0,1
0,2,1.3714320854712234,0,0,-0.45051839386436715,1,0,1
0,3,-0.04518721863167117,3,1,-0.23542223323009473,1,0,1
1,1,-0.9108990155834401,1,0,0.4457156087784345,0,0,1
0,3,-0.4386925808824752,0,0,-0.5042924340229352,1,1,0
1,1,1.4501331579213843,1,1,0.7862845297826991,0,0,0
0,3,-0.5960947257827969,0,0,-0.5042924340229352,1,0,1
0,3,0.11221492626865046,0,0,-0.5042924340229352,1,1,0
1,1,0.03351385381848965,0,0,2.309882334275462,0,0,1
0,2,0.6631224334197762,1,0,-0.2533469132829508,1,0,1
1,1,-0.5960947257827969,0,1,0.4277909287255785,0,0,0
0,1,-0.9896000880336009,0,0,0.2126947680913061,1,0,1
0,1,1.0566277956705803,1,0,-0.14579883296581456,1,0,0
0,2,-0.7534968706831184,0,0,-0.396744353705799,1,0,0
0,2,-0.5173936533326361,1,0,-0.45051839386436715,1,0,1
0,1,1.6075353028217059,1,1,3.1523422967596955,1,0,0
1,3,-0.20258936353199278,0,0,-0.5042924340229352,0,1,0
1,3,-2.0914151023358523,1,1,-0.396744353705799,0,0,1
1,3,-0.20258936353199278,0,0,-0.5042924340229352,0,1,0
1,1,0.5844213609696154,1,0,0.9834560103641156,0,1,0
1,3,-0.12388829108183198,0,0,-0.5042924340229352,0,0,1
0,3,-0.20258936353199278,0,0,-0.4863677539700792,1,0,1
1,1,0.741823505869937,0,0,1.306100251315524,0,0,0
0,3,0.6631224334197762,0,0,-0.5042924340229352,1,0,1
0,3,-0.20258936353199278,0,0,-0.4863677539700792,1,0,1
0,3,-0.20258936353199278,1,1,-0.23542223323009473,1,0,0
